Participant,Widget,Location,Duration of Incorrect Selection (s)
P9,Horizontal,Center,0.0500310289999106
P9,Horizontal,Center,0.4884189790000164
P9,Horizontal,Center,0.283621753999796
P9,Horizontal,Center,0.0667692130000432
P9,Horizontal,Center,0.0333675800002311
P9,Horizontal,Center,0.083404402999804
P9,Horizontal,Center,0.0667511000001468
P9,Horizontal,Center,0.0166767720002098
P9,Horizontal,Center,0.0667069350001838
P9,Horizontal,Center,0.3710051699999894
P9,Horizontal,Center,0.4004837120000957
P9,Horizontal,Center,0.0500780080001277
P9,Horizontal,Center,0.2243140040000071
P9,Horizontal,Center,0.1009233410004526
P9,Horizontal,Center,0.0667240080001647
P9,Horizontal,Center,0.6528492869992988
P9,Horizontal,Center,0.1379995269999199
P9,Horizontal,Center,0.0166750099997443
P9,Vertical,Right,0.2225220680002166
P9,Vertical,Right,0.3007166019997385
P9,Vertical,Right,0.5566854700000476
P9,Vertical,Right,0.0685137979999126
P9,Vertical,Right,0.2059140929995919
P9,Joystick,Center,0.0500420389998907
P9,Joystick,Center,0.1335673360008513
P9,Joystick,Center,0.474625045000721
P9,Joystick,Center,0.0167022210007417
P9,Joystick,Center,0.0166703619997861
P9,Joystick,Center,0.033399272000679
P9,Joystick,Center,0.0678448799990292
P9,Joystick,Center,0.1354851989999588
P9,Joystick,Center,0.0166896949995134
P9,Vertical,Center,0.4036858870003925
P9,Vertical,Center,0.2353200610004933
P9,Vertical,Center,0.3174642000003587
P9,Vertical,Center,0.2192830829999366
P9,Vertical,Center,0.0242424920006669
P9,Vertical,Center,0.1669235090002985
P9,Vertical,Center,0.1181075480008075
P9,Joystick,Front,0.118406956000399
P9,Joystick,Front,0.2005749410000135
P9,Joystick,Front,0.9093133000005764
P9,Joystick,Front,0.6379336129994044
P9,Joystick,Front,0.1699858880001556
P9,Joystick,Rear,0.4509992699995564
P9,Joystick,Rear,0.1167837389984924
P9,Joystick,Rear,0.1025735670009453
P9,Joystick,Rear,0.2002332390002266
P9,Joystick,Rear,0.0333702850002737
P9,Joystick,Rear,0.1505686060008884
P9,Joystick,Rear,0.1021425559993076
P9,Joystick,Rear,0.29400228600025
P9,Joystick,Rear,0.4053575419984554
P9,Joystick,Rear,0.033380090000719
P9,Joystick,Rear,0.0500465980003355
P9,Joystick,Rear,0.0166908779992809
P9,Joystick,Rear,0.474376520000078
P9,Joystick,Rear,0.5249039770005766
P9,Joystick,Rear,0.0667279589997633
P9,Joystick,Rear,0.5068096779996267
P9,Joystick,Rear,0.1518210389986052
P9,Joystick,Rear,0.4573519149998901
P9,Joystick,Rear,0.1835618150016671
P9,Horizontal,Rear,0.1865261140001166
P9,Horizontal,Rear,0.2056234149995361
P9,Horizontal,Rear,0.7415103989997078
P9,Horizontal,Rear,0.0667327030005253
P9,Horizontal,Rear,0.3905613150000135
P9,Horizontal,Rear,0.0166697920003571
P9,Horizontal,Rear,0.0500339320005878
P9,Horizontal,Rear,0.133728938000786
P9,Horizontal,Rear,0.1501153780000095
P9,Horizontal,Rear,0.7880508099997314
P9,Horizontal,Rear,0.1334238909994383
P9,Horizontal,Rear,0.9363663539998016
P9,Horizontal,Rear,0.2174464299996543
P9,Horizontal,Rear,0.0667303569998694
P9,Horizontal,Rear,0.0670333500002016
P9,Horizontal,Rear,0.0509721890002765
P9,Horizontal,Rear,0.0704216970007109
P9,Horizontal,Rear,0.1582892709993757
P9,Horizontal,Rear,0.8347717609995016
P9,Horizontal,Rear,0.0353613580000455
P9,Horizontal,Rear,0.4843628329999774
P9,Horizontal,Rear,0.5051201669994043
P9,Horizontal,Rear,0.0500719430001481
P9,Horizontal,Rear,0.507110408000699
P9,Vertical,Left,0.0669279719995756
P9,Vertical,Left,0.0500577499997234
P9,Vertical,Left,0.2336174629999732
P9,Vertical,Left,0.5006804860004195
P9,Vertical,Left,0.2681660809994355
P9,Horizontal,Front,0.0166677020006318
P6,Joystick,Center,0.2807777250000072
P6,Joystick,Center,0.4961747249999462
P6,Joystick,Center,0.2319808579995879
P6,Joystick,Center,0.3457059929987736
P6,Joystick,Center,0.1192194319992268
P6,Joystick,Center,0.1049701329993695
P6,Vertical,Left,0.1183763360004377
P6,Vertical,Left,0.3545239949999086
P6,Vertical,Left,0.0667815320002773
P6,Vertical,Left,0.0936533800004326
P6,Vertical,Left,0.1168217579997872
P6,Vertical,Left,0.0166688959998282
P6,Vertical,Left,0.0450702660000388
P6,Vertical,Left,0.1826584369991906
P6,Vertical,Left,0.0500555899998289
P6,Joystick,Rear,0.403284216999964
P6,Joystick,Rear,0.1835246059999917
P6,Joystick,Rear,0.4589460960014548
P6,Joystick,Rear,0.0667671690007409
P6,Joystick,Rear,0.187743242999204
P6,Joystick,Rear,0.2366212580000137
P6,Joystick,Rear,0.5475001190006878
P6,Joystick,Rear,0.3569655749997764
P6,Joystick,Rear,0.0668023769994761
P6,Joystick,Rear,0.1072991929995623
P6,Joystick,Rear,0.1997733539992623
P6,Vertical,Right,0.052606420000302
P6,Vertical,Right,0.1398773099999744
P6,Vertical,Right,0.0765535020000243
P6,Vertical,Right,0.2862283360000219
P6,Vertical,Right,0.1957512550006868
P6,Vertical,Right,0.2468148910002128
P6,Vertical,Right,0.1015737070001705
P6,Vertical,Right,0.1102149309999731
P6,Vertical,Right,0.6937222440001278
P6,Vertical,Right,0.1620039190001989
P6,Joystick,Front,0.1116495050009689
P6,Joystick,Front,0.3416204479999578
P6,Joystick,Front,0.3976907840005879
P6,Joystick,Front,0.3096012919995701
P6,Joystick,Front,0.1290759450002951
P6,Joystick,Front,0.2250912580002477
P6,Joystick,Front,0.9092119139986607
P6,Horizontal,Front,0.1883131859995046
P6,Horizontal,Rear,0.2651785369998833
P6,Horizontal,Rear,0.1709786179999355
P6,Horizontal,Rear,0.7289488740007073
P6,Horizontal,Rear,0.2696501450000141
P6,Horizontal,Rear,0.2359482020001451
P6,Horizontal,Rear,0.0785609909999038
P6,Horizontal,Rear,0.3168268120007269
P6,Horizontal,Rear,0.08353622300001
P6,Horizontal,Rear,0.5558482090000325
P6,Horizontal,Rear,0.2050767390001056
P6,Horizontal,Rear,0.2590393219998077
P6,Vertical,Center,1.1425710410003376
P6,Vertical,Center,0.0506147349997263
P6,Vertical,Center,0.2498844890001237
P6,Vertical,Center,0.2723904100002983
P6,Vertical,Center,0.1665158050000172
P6,Vertical,Center,0.0667883129999609
P6,Vertical,Center,0.1532032390005042
P6,Vertical,Center,0.2527019729996027
P6,Vertical,Center,0.2920849049996832
P6,Vertical,Center,0.0847991169994202
P6,Vertical,Center,0.2324923309997757
P6,Vertical,Center,0.1673967819997415
P6,Vertical,Center,0.5327866569996331
P6,Vertical,Center,0.0166883070005496
P6,Vertical,Center,0.413370766999833
P6,Vertical,Center,0.669126003999736
P6,Vertical,Center,0.7145568040004946
P6,Vertical,Center,0.1001735609997922
P6,Vertical,Center,0.0500736570002118
P6,Vertical,Center,0.3413297509996482
P6,Horizontal,Center,0.2507043080004223
P6,Horizontal,Center,0.1122397880008065
P6,Horizontal,Center,0.8217576540000664
P6,Horizontal,Center,0.94195851799941
P6,Horizontal,Center,1.6301967420004075
P6,Horizontal,Center,1.2336575899998934
P6,Horizontal,Center,0.6168915850003032
P6,Horizontal,Center,0.4198891519999961
P6,Horizontal,Center,0.6169455439994636
P6,Horizontal,Center,0.1443010940001841
P6,Horizontal,Center,0.6382655999996132
P6,Horizontal,Center,0.095230573999288
P6,Horizontal,Center,0.6357268869996915
P6,Horizontal,Center,0.0667715919998954
P12,Joystick,Front,0.3023249800007761
P12,Joystick,Front,0.5370141429993964
P12,Joystick,Front,0.11688449400026
P12,Joystick,Front,0.7056888759998401
P12,Joystick,Front,0.1168208250001043
P12,Horizontal,Front,0.5087855649999256
P12,Horizontal,Front,0.2836783109996759
P12,Horizontal,Front,0.4183142900001257
P12,Horizontal,Rear,0.6352992020001693
P12,Horizontal,Rear,0.3567108090001056
P12,Horizontal,Rear,0.7040134540002327
P12,Horizontal,Rear,1.1228226709999944
P12,Horizontal,Rear,1.5593601070004297
P12,Horizontal,Rear,1.3021708940004828
P12,Horizontal,Rear,1.1380000780000046
P12,Horizontal,Rear,0.1500905809998585
P12,Horizontal,Rear,0.3671185019993572
P12,Horizontal,Rear,0.3027118950003569
P12,Horizontal,Rear,0.2669870789995912
P12,Horizontal,Rear,0.0504642940004487
P12,Horizontal,Rear,0.5021935499999017
P12,Horizontal,Rear,0.085652310000114
P12,Horizontal,Rear,0.0167091399998753
P12,Horizontal,Rear,0.0833856640001613
P12,Horizontal,Rear,0.3030289910002466
P12,Horizontal,Rear,0.3505219850003414
P12,Horizontal,Rear,0.3504461660004381
P12,Horizontal,Rear,1.4062144689996785
P12,Horizontal,Rear,0.5742568579998988
P12,Horizontal,Rear,0.2704321110004457
P12,Horizontal,Center,1.489512766000189
P12,Horizontal,Center,0.0833993979995284
P12,Horizontal,Center,0.2677514910001264
P12,Horizontal,Center,0.283638713000073
P12,Horizontal,Center,0.201312137000059
P12,Horizontal,Center,0.2843495519991847
P12,Horizontal,Center,0.4522700200004692
P12,Horizontal,Center,0.1334971209998912
P12,Horizontal,Center,0.9384581209997124
P12,Horizontal,Center,0.5353817519999211
P12,Horizontal,Center,0.6020205199993143
P12,Horizontal,Center,0.0333832889991754
P12,Horizontal,Center,0.2516617129995211
P12,Horizontal,Center,1.070129039999301
P12,Horizontal,Center,0.6759941740001523
P12,Joystick,Rear,0.6368323890001193
P12,Joystick,Rear,1.4864337779999914
P12,Joystick,Rear,0.2006121020003775
P12,Joystick,Rear,0.1668754759994044
P12,Joystick,Rear,0.3215912750001735
P12,Joystick,Rear,0.3840322550004202
P12,Joystick,Rear,1.1533874750002724
P12,Joystick,Rear,0.6195035529999586
P12,Joystick,Rear,0.083509629999753
P12,Joystick,Rear,0.3190618580010778
P12,Joystick,Rear,0.1340809670000453
P12,Joystick,Rear,0.3256323719997454
P12,Vertical,Right,0.2502546540004005
P12,Vertical,Right,0.0671931730003052
P12,Vertical,Right,0.1668127040002218
P12,Vertical,Right,0.3671399949998886
P12,Vertical,Center,0.083379376999801
P12,Vertical,Center,0.0333529700001236
P12,Vertical,Center,0.3335738739997396
P12,Vertical,Center,0.4336422229998788
P12,Vertical,Center,0.0333790509998834
P12,Vertical,Center,0.1170985310000105
P12,Joystick,Center,1.1549399769992306
P12,Joystick,Center,0.993013081000754
P12,Joystick,Center,0.2697521600002801
P12,Joystick,Center,0.3683701659992948
P12,Joystick,Center,0.2879608880011801
P12,Joystick,Center,0.5692932029996882
P12,Vertical,Left,3.9233224300000975
P12,Vertical,Left,0.3170825619999959
P12,Vertical,Left,0.4838475020001169
P12,Vertical,Left,0.1834627559996988
P12,Vertical,Left,0.0835718500002258
P12,Vertical,Left,0.1680885850000777
P12,Vertical,Left,0.0834586299997681
P2,Vertical,Center,0.033333878999656
P2,Vertical,Center,0.3000395220005885
P2,Vertical,Center,0.1000186370001756
P2,Vertical,Center,0.0166734819995326
P2,Vertical,Center,0.1000229849996685
P2,Vertical,Center,0.2500466769997729
P2,Vertical,Center,0.3333916319998025
P2,Vertical,Center,0.4167470359998333
P2,Vertical,Center,0.0166681880000396
P2,Horizontal,Rear,0.0500092090001089
P2,Horizontal,Rear,0.0500209290000839
P2,Horizontal,Rear,0.3167343529999016
P2,Horizontal,Rear,0.1166820440000719
P2,Horizontal,Rear,0.8835051580001618
P2,Horizontal,Rear,0.1666931800000384
P2,Horizontal,Rear,0.5336521670001275
P2,Horizontal,Rear,0.0500096000000667
P2,Horizontal,Rear,0.9168498060000728
P2,Joystick,Center,0.5502096240006722
P2,Joystick,Center,0.500099864000731
P2,Joystick,Center,0.0166696530004628
P2,Joystick,Center,0.0833541039992269
P2,Joystick,Center,0.5834281379993627
P2,Joystick,Center,0.1000193429999853
P2,Joystick,Center,0.1666887580004186
P2,Joystick,Center,0.1166843319997497
P2,Vertical,Right,0.0500068900000769
P2,Vertical,Right,0.0500098060001619
P2,Vertical,Right,0.0166685519998281
P2,Vertical,Right,0.1000164540000696
P2,Joystick,Rear,0.4333992239999134
P2,Joystick,Rear,0.2668810200002554
P2,Joystick,Rear,0.916827134000414
P2,Joystick,Rear,0.5167388939999
P2,Joystick,Rear,0.1333575279995784
P2,Joystick,Rear,0.9837713019996954
P2,Vertical,Left,0.0333406199997625
P2,Vertical,Left,0.0166672060004202
P2,Vertical,Left,0.1333500809996621
P2,Horizontal,Front,1.5337956589999069
P2,Horizontal,Center,0.1833599460001096
P2,Horizontal,Center,0.1000117939997835
P2,Horizontal,Center,0.116685963999771
P2,Horizontal,Center,0.183352410000225
P2,Horizontal,Center,0.4667457299997295
P2,Horizontal,Center,0.416767517000153
P2,Horizontal,Center,0.2500482589998682
P2,Horizontal,Center,0.150025289000041
P11,Joystick,Rear,0.2168646239988447
P11,Joystick,Rear,0.5011654240006465
P11,Joystick,Rear,0.3513577060002717
P11,Joystick,Rear,0.2840216339991457
P11,Joystick,Rear,0.6028845260007074
P11,Joystick,Rear,0.1840334219996293
P11,Joystick,Rear,0.5034114099998988
P11,Joystick,Rear,0.6693269059996965
P11,Vertical,Left,0.1668221539994192
P11,Vertical,Left,0.266832481000165
P11,Vertical,Left,0.8849482859995987
P11,Vertical,Left,0.3015450220000275
P11,Vertical,Left,0.667487612999139
P11,Vertical,Left,0.31701942699965
P11,Vertical,Left,0.0834476310001264
P11,Vertical,Left,0.1836563090000709
P11,Vertical,Left,0.0834936750006818
P11,Vertical,Left,0.1350796579999951
P11,Vertical,Left,0.6840416610002649
P11,Vertical,Left,0.1351923919992259
P11,Vertical,Left,0.2199145579998003
P11,Vertical,Left,0.1000683909996951
P11,Vertical,Left,0.100055699999757
P11,Vertical,Left,0.101035063999916
P11,Vertical,Left,0.016698604999874
P11,Vertical,Left,0.0667260879999958
P11,Vertical,Left,0.2186251709999851
P11,Vertical,Center,0.250239486999817
P11,Vertical,Center,0.1668166219997147
P11,Vertical,Center,0.0333681310003157
P11,Vertical,Center,0.1335621329999412
P11,Vertical,Center,0.0667720270002973
P11,Vertical,Center,0.1667917820004731
P11,Vertical,Center,0.2502050080001936
P11,Vertical,Center,0.2844807380006386
P11,Vertical,Center,0.1668383209998865
P11,Vertical,Center,0.1501342900000963
P11,Vertical,Center,0.0166798859991104
P11,Vertical,Center,0.0670991619999767
P11,Vertical,Center,0.4674110440000731
P11,Vertical,Center,0.1334427109995886
P11,Vertical,Center,0.2001962889999049
P11,Vertical,Center,0.2835039419996974
P11,Vertical,Center,0.1501580300000569
P11,Vertical,Center,0.1668158049997146
P11,Vertical,Center,0.2001283399995372
P11,Vertical,Center,0.0833989379998456
P11,Vertical,Center,0.0667969859996446
P11,Vertical,Center,0.1167692290000559
P11,Vertical,Center,0.5338399259999278
P11,Vertical,Center,0.1668020679999244
P11,Vertical,Center,0.1501381230000333
P11,Vertical,Center,0.1167799309996553
P11,Vertical,Center,0.2669793269997171
P11,Vertical,Center,0.4336995069998011
P11,Vertical,Center,0.1000962830003118
P11,Vertical,Center,0.1000822939995487
P11,Vertical,Center,0.2168009850001908
P11,Vertical,Center,0.0333528430001024
P11,Vertical,Center,0.0166700320005475
P11,Vertical,Center,0.1167928499999106
P11,Vertical,Center,0.6505415069996161
P11,Vertical,Center,1.0862721479998072
P11,Horizontal,Front,0.2335003769985633
P11,Horizontal,Front,1.0387533699995402
P11,Horizontal,Front,1.033191569000337
P11,Horizontal,Front,0.2618010290007078
P11,Horizontal,Front,0.3641493859995535
P11,Horizontal,Front,0.0167099600002984
P11,Horizontal,Front,0.1823569909993239
P11,Horizontal,Front,0.4889903069997672
P11,Horizontal,Front,0.016726715999539
P11,Horizontal,Front,0.2045028640004602
P11,Horizontal,Front,0.2079673650005133
P11,Horizontal,Front,0.7772433789996285
P11,Horizontal,Front,0.066785326000172
P11,Horizontal,Front,0.6182537929998944
P11,Horizontal,Front,0.525520189999952
P11,Horizontal,Front,0.2502580229993327
P11,Horizontal,Front,0.2437915369991969
P11,Horizontal,Front,0.083534053999756
P11,Horizontal,Front,0.4702783779994206
P11,Horizontal,Front,0.153801590000512
P11,Horizontal,Front,0.0846328830011771
P11,Horizontal,Front,0.4384023619986692
P11,Horizontal,Front,0.1508219700008339
P11,Horizontal,Front,0.2469732000008662
P11,Horizontal,Front,0.1777206019996811
P11,Horizontal,Front,0.6146423559985124
P11,Vertical,Right,0.0835483159999057
P11,Vertical,Right,0.0166923349997887
P11,Vertical,Right,0.3006596550003451
P11,Vertical,Right,0.6522033420005755
P11,Vertical,Right,0.1334911109997847
P11,Vertical,Right,0.3169654570001512
P11,Vertical,Right,0.1002389839995885
P11,Vertical,Right,0.2502148630001102
P11,Vertical,Right,0.1673645330001818
P11,Vertical,Right,0.1001058860001649
P11,Vertical,Right,0.2839556510007242
P11,Vertical,Right,0.4339130039998053
P11,Vertical,Right,0.0500332310002704
P11,Vertical,Right,0.317005197999606
P11,Vertical,Right,0.5171788949992333
P11,Vertical,Right,0.3669441419997383
P11,Vertical,Right,0.0500567040007808
P11,Vertical,Right,0.2668846159995155
P11,Vertical,Right,0.1002025620000495
P11,Vertical,Right,0.0166838529994493
P11,Vertical,Right,0.2008033410002099
P11,Vertical,Right,0.3169163709999338
P11,Vertical,Right,0.1668375700000979
P11,Vertical,Right,0.1167831549992115
P11,Vertical,Right,0.0166791490000832
P11,Vertical,Right,0.0166848290000416
P11,Vertical,Right,0.2335253090004698
P11,Joystick,Front,0.4337596430013946
P11,Joystick,Front,0.3352534909990936
P11,Joystick,Front,0.0833874140007537
P11,Joystick,Front,0.3359516040000017
P11,Joystick,Front,0.1336864900004002
P11,Joystick,Front,0.1502000180007598
P11,Joystick,Front,0.2668959749989881
P11,Joystick,Front,0.6546205670001655
P11,Horizontal,Center,0.234377057000529
P11,Horizontal,Center,0.0333919519998744
P11,Horizontal,Center,1.020830178000324
P11,Horizontal,Center,0.410441156998786
P11,Horizontal,Center,0.1616375710000284
P11,Horizontal,Center,1.1648307209998163
P11,Horizontal,Center,0.4304747189999034
P11,Horizontal,Center,0.0667750669999804
P11,Horizontal,Center,0.1368573649997415
P11,Horizontal,Center,0.1306668489996809
P11,Horizontal,Center,0.0892182719999254
P11,Horizontal,Center,0.0501193899999634
P11,Horizontal,Center,0.1001605219989869
P11,Horizontal,Center,0.8972044379988802
P11,Horizontal,Center,0.2586630160003551
P11,Horizontal,Center,0.8806791340011841
P11,Horizontal,Center,0.3955040300006658
P11,Joystick,Center,0.1672862579998764
P11,Joystick,Center,0.485836478001147
P11,Joystick,Center,0.7174609630001214
P11,Joystick,Center,0.0344652380008483
P11,Joystick,Center,0.3038033450011426
P11,Joystick,Center,0.150520430999677
P11,Joystick,Center,0.2673051439996925
P11,Joystick,Center,0.5526088970000274
P11,Joystick,Center,0.1001348129993857
P11,Joystick,Center,0.1688250949991925
P11,Joystick,Center,0.1670403680000163
P11,Joystick,Center,0.4509935570004018
P11,Joystick,Center,0.2840142719996947
P11,Joystick,Center,0.8862025590005942
P11,Joystick,Center,0.2866586159998405
P11,Joystick,Center,0.2019409519998589
P11,Joystick,Center,0.2513117039998178
P11,Joystick,Center,0.3674509339998622
P11,Joystick,Center,1.1555981709989285
P11,Joystick,Center,0.0834228790008637
P11,Joystick,Center,0.2837297030000627
P11,Joystick,Center,0.1845962450006482
P11,Horizontal,Rear,0.6927212580012565
P11,Horizontal,Rear,0.1067599620000692
P11,Horizontal,Rear,1.0187201389999243
P11,Horizontal,Rear,0.3380475839985593
P11,Horizontal,Rear,0.1743538780010567
P11,Horizontal,Rear,0.4182340090010257
P11,Horizontal,Rear,0.6173602110011416
P11,Horizontal,Rear,0.2008073720007814
P11,Horizontal,Rear,0.1002351560000534
P11,Horizontal,Rear,0.2199462270000367
P11,Horizontal,Rear,0.134355393000078
P11,Horizontal,Rear,0.1834843830001773
P11,Horizontal,Rear,0.4171495430000504
P11,Horizontal,Rear,0.083473185000912
P11,Horizontal,Rear,0.033362959000442
P11,Horizontal,Rear,0.1851401479998458
P11,Horizontal,Rear,0.433796612000151
P11,Horizontal,Rear,0.5350767639993137
P11,Horizontal,Rear,0.4031906700001855
P11,Horizontal,Rear,0.1335889029996906
P11,Horizontal,Rear,0.1335902259997965
P11,Horizontal,Rear,0.1837130280000565
P11,Horizontal,Rear,0.2539666129996476
P11,Horizontal,Rear,0.0333615430008649
P11,Horizontal,Rear,1.1553957470005116
P8,Joystick,Center,0.4837761760027206
P8,Joystick,Center,0.2217551489993638
P8,Joystick,Center,0.050109675998101
P8,Joystick,Center,0.1198275320020911
P8,Joystick,Center,0.3843315630001598
P8,Joystick,Rear,0.1852804720001586
P8,Joystick,Rear,0.0501338220001343
P8,Joystick,Rear,0.2358491330014658
P8,Vertical,Right,0.1168225050005276
P8,Vertical,Right,0.1835559510000166
P8,Joystick,Front,0.2362847860003967
P8,Horizontal,Rear,0.0333446010008628
P8,Horizontal,Rear,0.1668677719990228
P8,Horizontal,Rear,0.1840681300000142
P8,Horizontal,Rear,0.1501288409999688
P8,Horizontal,Rear,0.0166709090008225
P8,Horizontal,Rear,0.1835542650005663
P8,Horizontal,Rear,0.1503217600002244
P8,Horizontal,Rear,0.033362953001415
P8,Horizontal,Rear,0.1167992049995518
P8,Horizontal,Rear,0.0500605910001468
P8,Horizontal,Rear,0.3335719149999931
P8,Horizontal,Rear,0.2001862580000306
P8,Horizontal,Center,0.2678317859990784
P8,Horizontal,Center,0.1501781710012437
P8,Horizontal,Center,0.0667469289983273
P8,Horizontal,Center,0.0848536239991517
P8,Horizontal,Center,0.0667027510007756
P8,Horizontal,Center,0.0838577659997099
P8,Horizontal,Center,0.3169026609994034
P8,Horizontal,Center,0.050049900999511
P8,Horizontal,Center,0.2703910260006523
P8,Horizontal,Center,0.0839816759998939
P8,Horizontal,Center,0.4338527500003692
P8,Horizontal,Center,0.1334560710001824
P8,Vertical,Center,0.1501789960002497
P8,Vertical,Center,0.2168999900004564
P8,Vertical,Center,0.0834118949987896
P8,Horizontal,Front,0.287020763998953
P8,Horizontal,Front,0.0333724039992375
P8,Vertical,Left,0.0500245069997618
P8,Vertical,Left,0.3410100680011965
P8,Vertical,Left,0.0877189849998103
P5,Joystick,Rear,0.050076187999366
P5,Joystick,Rear,0.0501135049998993
P5,Joystick,Rear,0.2489304069986246
P5,Joystick,Rear,0.5580350039999757
P5,Joystick,Rear,0.3400980099995649
P5,Joystick,Rear,0.0864645479996397
P5,Joystick,Rear,0.0333633409991307
P5,Joystick,Rear,0.0670528000009653
P5,Joystick,Rear,0.2968844890001492
P5,Joystick,Rear,0.0667915570011246
P5,Joystick,Rear,0.1289011520002532
P5,Joystick,Rear,0.1169401650004147
P5,Joystick,Rear,0.0334066319992416
P5,Vertical,Center,0.0166944550001062
P5,Vertical,Center,0.0500949799998124
P5,Vertical,Center,0.1538484060001792
P5,Vertical,Center,0.7490614490006919
P5,Vertical,Center,0.4388511359993572
P5,Vertical,Center,0.5438905689998137
P5,Vertical,Center,0.2435506849997182
P5,Vertical,Center,0.421070626999608
P5,Vertical,Center,0.2947346979999565
P5,Vertical,Center,0.1815978360000372
P5,Vertical,Center,0.133505232999596
P5,Vertical,Center,0.3805023979994075
P5,Vertical,Center,0.0334076460003416
P5,Vertical,Right,0.0334028909992412
P5,Joystick,Center,0.4024225840003055
P5,Joystick,Center,0.401583352999296
P5,Joystick,Center,0.6562973069994769
P5,Joystick,Center,0.4786352259998239
P5,Joystick,Center,0.0335659070005931
P5,Joystick,Center,0.1722946780009806
P5,Joystick,Center,0.1590213189992937
P5,Joystick,Center,0.3931888200004323
P5,Joystick,Center,0.0511011769995093
P5,Joystick,Center,0.1550454400003218
P5,Joystick,Center,0.0333503170004405
P5,Joystick,Center,0.3081550929982768
P5,Joystick,Center,0.0667306400009692
P5,Joystick,Center,0.1663129009994008
P5,Joystick,Center,0.182975861000159
P5,Joystick,Center,0.2154495969989511
P5,Vertical,Left,0.0337613639994742
P5,Vertical,Left,0.288857466999616
P5,Vertical,Left,0.2079412590001084
P5,Horizontal,Front,0.0507430650013702
P5,Horizontal,Front,0.1517584630000783
P5,Joystick,Front,0.3089797030006593
P5,Joystick,Front,0.0501106400006392
P5,Joystick,Front,0.3203908630002843
P5,Joystick,Front,0.1343998400006967
P5,Joystick,Front,0.1307765530000324
P5,Joystick,Front,0.2162829450007848
P5,Joystick,Front,0.438290453999798
P5,Joystick,Front,0.5774687900011486
P5,Joystick,Front,0.2688788399991608
P5,Joystick,Front,0.2199916939989634
P5,Joystick,Front,0.01671225499922
P5,Horizontal,Center,0.303386297000543
P5,Horizontal,Center,0.1960786870004085
P5,Horizontal,Center,0.172383766999701
P5,Horizontal,Center,0.1389222790003259
P5,Horizontal,Center,0.0886851310006022
P5,Horizontal,Center,0.1002137409996066
P5,Horizontal,Center,0.0166713250000611
P5,Horizontal,Center,0.3591903830001683
P5,Horizontal,Center,0.1002491850013029
P5,Horizontal,Center,0.1248247010007617
P5,Horizontal,Center,0.2096071369996934
P5,Horizontal,Center,0.1134196570001222
P5,Horizontal,Center,0.3916447289993812
P5,Horizontal,Center,0.0608001130003685
P5,Horizontal,Center,0.0333662980010558
P5,Horizontal,Center,0.192134533999706
P5,Horizontal,Center,0.3343743599998561
P5,Horizontal,Center,0.3458889339999587
P5,Horizontal,Center,0.1514046519987459
P5,Horizontal,Center,1.105383129999609
P5,Horizontal,Center,0.0680157660008262
P5,Horizontal,Rear,0.0893139670006348
P5,Horizontal,Rear,0.4184108350000315
P5,Horizontal,Rear,0.3591458949995285
P5,Horizontal,Rear,0.0673008929989009
P5,Horizontal,Rear,0.0166722800004208
P5,Horizontal,Rear,0.0987526570006593
P5,Horizontal,Rear,0.2725118739999743
P5,Horizontal,Rear,0.0500505550007801
P4,Joystick,Rear,0.1166852960013784
P4,Joystick,Rear,0.4000724520010408
P4,Joystick,Rear,0.2167135819981922
P4,Joystick,Rear,0.0833421509996696
P4,Joystick,Rear,0.3167237839988956
P4,Joystick,Rear,0.1666791569987253
P4,Joystick,Rear,0.4167285099974833
P4,Joystick,Rear,0.3667252939994796
P4,Joystick,Rear,0.0166678250025142
P4,Joystick,Rear,1.0668748780008173
P4,Joystick,Rear,0.200048392998724
P4,Joystick,Rear,0.2667222439995385
P4,Joystick,Rear,0.0166696920023241
P4,Joystick,Rear,0.533423300999857
P4,Joystick,Rear,0.7668114789994434
P4,Joystick,Rear,0.0666779259991017
P4,Joystick,Rear,0.3333849209993786
P4,Joystick,Rear,0.6334472009984893
P4,Joystick,Rear,0.7167885700000625
P4,Joystick,Rear,0.0500113050002255
P4,Joystick,Rear,0.350056670999038
P4,Joystick,Rear,0.1833811349970346
P4,Joystick,Rear,0.2833846579997043
P4,Joystick,Rear,0.2167170370012172
P4,Joystick,Rear,0.0833474920000298
P4,Joystick,Rear,0.3834084320005786
P4,Joystick,Rear,0.0833455819993105
P4,Joystick,Rear,0.1666921409996575
P4,Joystick,Rear,0.2167046210015542
P4,Joystick,Rear,0.1500141919968882
P4,Joystick,Rear,0.5500964550010394
P4,Vertical,Right,0.517030822000379
P4,Vertical,Right,0.083345230003033
P4,Vertical,Right,1.1669115879994931
P4,Vertical,Right,0.2667174280031759
P4,Vertical,Right,0.0333405700002913
P4,Vertical,Right,0.2833708380021562
P4,Vertical,Right,0.2001916200024425
P4,Vertical,Right,0.1333506280025176
P4,Vertical,Right,0.1000116420000267
P4,Vertical,Right,0.2503841859979729
P4,Vertical,Right,0.2333793770012562
P4,Vertical,Right,0.4834038640001381
P4,Vertical,Right,0.0833450530008121
P4,Vertical,Right,0.2500448770006187
P4,Vertical,Right,0.2838612649975403
P4,Vertical,Right,0.2833867800000007
P4,Vertical,Right,0.1000165099976584
P4,Vertical,Right,0.2667034769983729
P4,Vertical,Right,0.1000146699989272
P4,Vertical,Right,0.3167187700018985
P4,Vertical,Right,0.0666805910004768
P4,Vertical,Right,0.0500050640002882
P4,Vertical,Right,0.183353692998935
P4,Vertical,Right,0.08335066699874
P4,Vertical,Right,0.316718600999593
P4,Vertical,Right,0.1667073569988133
P4,Vertical,Right,0.0333414020024065
P4,Vertical,Right,0.6001406360010151
P4,Vertical,Right,0.2167160640019574
P4,Vertical,Right,0.566805304002628
P4,Vertical,Right,0.5000738989983802
P4,Vertical,Right,0.1666943540003558
P4,Vertical,Right,0.250034199001675
P4,Vertical,Right,0.7169089880007959
P4,Vertical,Right,0.2833638260017324
P4,Vertical,Right,0.150425546002225
P4,Vertical,Right,0.03334254499714
P4,Vertical,Left,0.4834253549997811
P4,Vertical,Left,0.1833719819987891
P4,Vertical,Left,0.3836899909983913
P4,Vertical,Left,0.1833609999994223
P4,Vertical,Left,0.0333407549987896
P4,Vertical,Left,0.2833899409997684
P4,Vertical,Left,0.2668904319980356
P4,Vertical,Left,0.4836036660017271
P4,Vertical,Left,0.1500295500009087
P4,Vertical,Left,0.3334715429991775
P4,Vertical,Left,0.133360691001144
P4,Vertical,Center,0.0833521480017225
P4,Vertical,Center,1.4837951919980696
P4,Vertical,Center,0.8001645990007091
P4,Vertical,Center,0.416742682999029
P4,Vertical,Center,0.1166839549987344
P4,Vertical,Center,0.7170320000004722
P4,Vertical,Center,0.2500544249996892
P4,Vertical,Center,0.0500088370026787
P4,Vertical,Center,0.4834506320003129
P4,Vertical,Center,0.2167264349991455
P4,Vertical,Center,0.1000153349996253
P4,Vertical,Center,0.3167255460029992
P4,Vertical,Center,0.3167364119981357
P4,Vertical,Center,0.2833748180019029
P4,Vertical,Center,0.2166969499994593
P4,Vertical,Center,0.0166690570003993
P4,Vertical,Center,0.1333551030002127
P4,Vertical,Center,0.3501030480001645
P4,Vertical,Center,0.667288529999496
P4,Vertical,Center,0.3834181109996279
P4,Vertical,Center,0.0333425969984091
P4,Vertical,Center,0.1336707530026615
P4,Vertical,Center,0.4167369960014184
P4,Vertical,Center,0.6501133279998612
P4,Vertical,Center,0.4670126029996027
P4,Vertical,Center,0.2333984450015123
P4,Vertical,Center,1.0670255289987836
P4,Vertical,Center,0.4334096700004011
P4,Vertical,Center,0.1500318420003168
P4,Vertical,Center,2.234026993999578
P4,Vertical,Center,0.6834394320030697
P4,Vertical,Center,0.0333540229985374
P4,Vertical,Center,0.2000248779986577
P4,Vertical,Center,0.4333942970006319
P4,Vertical,Center,0.1833686200006923
P4,Vertical,Center,0.5834440059988992
P4,Vertical,Center,0.0333390380001219
P4,Vertical,Center,0.4667288730015571
P4,Vertical,Center,0.1166945760014641
P4,Vertical,Center,0.1833613910021085
P4,Vertical,Center,0.1166860570010612
P4,Joystick,Center,0.0333373169996775
P4,Joystick,Center,0.6840583019984479
P4,Joystick,Center,0.6501485529988713
P4,Joystick,Center,0.133376384001167
P4,Joystick,Center,0.2833700970004429
P4,Joystick,Center,0.1501252359994396
P4,Joystick,Center,0.1333473849990696
P4,Joystick,Center,0.4334301150011015
P4,Joystick,Center,0.3167118149976886
P4,Joystick,Center,0.6167832450009882
P4,Joystick,Center,0.1500228050026635
P4,Joystick,Center,0.0500071269998443
P4,Joystick,Center,0.4334834260007483
P4,Joystick,Center,0.0666791849980654
P4,Joystick,Center,0.8337195890017028
P4,Joystick,Center,0.9168098780028232
P4,Joystick,Center,0.200023178000265
P4,Joystick,Center,0.0836202069986029
P4,Joystick,Center,0.3000590270021348
P4,Joystick,Center,0.2333867830020608
P4,Joystick,Center,0.3168136419990333
P4,Joystick,Center,0.2833855640019465
P4,Joystick,Center,0.0333470430014131
P4,Horizontal,Front,0.0333380689990008
P4,Horizontal,Front,0.3500951999994868
P4,Horizontal,Front,1.28361806200337
P4,Horizontal,Front,0.0166675979999126
P4,Horizontal,Front,0.1837295469995297
P4,Horizontal,Front,1.217025598998589
P4,Horizontal,Front,1.133617374998721
P4,Horizontal,Front,0.3333954600020661
P4,Horizontal,Front,0.0833484399990993
P4,Horizontal,Front,1.2671002150018469
P4,Horizontal,Front,1.4173534929977905
P4,Horizontal,Front,0.4500759870024922
P4,Horizontal,Front,0.5500771229999373
P4,Horizontal,Front,0.1500194139989616
P4,Horizontal,Front,0.3667220980023558
P4,Horizontal,Front,0.0166681439986859
P4,Horizontal,Front,0.1000204310003027
P4,Horizontal,Front,0.166708414999448
P4,Horizontal,Front,0.4835717660025693
P4,Horizontal,Front,0.2000393099988286
P4,Horizontal,Front,0.8334826749996864
P4,Horizontal,Front,0.8835314409989223
P4,Horizontal,Front,0.0500044279979192
P4,Horizontal,Front,0.4500849860014568
P4,Horizontal,Front,0.1333597909979289
P4,Horizontal,Front,1.3838966029979929
P4,Horizontal,Front,0.0666846950007311
P4,Horizontal,Front,0.2000328590002027
P4,Horizontal,Front,0.3167260329973942
P4,Horizontal,Front,0.1501993380006752
P4,Horizontal,Front,0.1666999500012025
P4,Horizontal,Front,0.9501645179989282
P4,Horizontal,Front,0.166701471000124
P4,Horizontal,Front,0.166705923002155
P4,Horizontal,Center,0.1500250860008236
P4,Horizontal,Center,0.1166851419984595
P4,Horizontal,Center,0.0833432469989929
P4,Horizontal,Center,0.3667273070022929
P4,Horizontal,Center,0.250047669000196
P4,Horizontal,Center,0.4501268739986699
P4,Horizontal,Center,0.0333389819970761
P4,Horizontal,Center,0.3335107880011492
P4,Horizontal,Center,0.1833668370018131
P4,Horizontal,Center,0.183373202002258
P4,Horizontal,Center,0.0666823389983619
P4,Horizontal,Center,0.9171294980005767
P4,Horizontal,Center,0.0833675529975153
P4,Horizontal,Center,0.3002830570003425
P4,Horizontal,Center,0.3334126869995089
P4,Horizontal,Center,1.0668785160014522
P4,Horizontal,Center,0.1666931910003768
P4,Horizontal,Center,0.366746712999884
P4,Horizontal,Center,0.3667166230006842
P4,Horizontal,Center,0.016666718001943
P4,Horizontal,Center,0.0500114990027213
P4,Horizontal,Center,0.2000276859980658
P4,Horizontal,Center,0.1166848819993902
P4,Horizontal,Center,0.1333616560004884
P4,Horizontal,Center,0.0166679640024085
P4,Horizontal,Center,0.2001356639993901
P4,Horizontal,Center,1.2670870649999415
P4,Horizontal,Center,0.2834592920007708
P4,Horizontal,Center,0.133356973001355
P4,Horizontal,Center,0.0833483659989724
P4,Horizontal,Center,0.3667240260001563
P4,Horizontal,Center,1.0002013920020545
P4,Horizontal,Center,0.100020238001889
P4,Horizontal,Center,0.033341209997161
P4,Horizontal,Center,0.1166799449965765
P4,Horizontal,Center,0.0833776760009641
P4,Horizontal,Center,0.4834006029996089
P4,Horizontal,Center,0.4500701489996572
P4,Horizontal,Center,0.0333387829996354
P4,Horizontal,Center,0.1333440629969118
P4,Horizontal,Center,0.1333453010010998
P4,Horizontal,Center,0.0166807650020928
P4,Horizontal,Center,0.1833594590025313
P4,Horizontal,Center,0.0500113149973913
P4,Horizontal,Center,0.5334567389982112
P4,Horizontal,Center,0.2500313489981636
P4,Horizontal,Center,0.1166867520005325
P4,Joystick,Front,0.5669781069991586
P4,Joystick,Front,0.1000201470014872
P4,Joystick,Front,0.2500256890016317
P4,Joystick,Front,0.3668327249979484
P4,Joystick,Front,0.450070754999615
P4,Joystick,Front,0.0166674699976283
P4,Joystick,Front,0.383384748998651
P4,Joystick,Front,0.1166873469992424
P4,Horizontal,Rear,0.233370311998442
P4,Horizontal,Rear,0.0333418980007991
P4,Horizontal,Rear,0.2668270680005662
P4,Horizontal,Rear,0.1166870679990097
P4,Horizontal,Rear,0.2166956809996918
P4,Horizontal,Rear,0.0166684279975015
P4,Horizontal,Rear,0.1000153690001752
P4,Horizontal,Rear,0.2500411589971918
P4,Horizontal,Rear,0.0500051960007112
P4,Horizontal,Rear,0.1166935549990739
P4,Horizontal,Rear,0.2500568079994991
P4,Horizontal,Rear,0.1666989030018157
P4,Horizontal,Rear,0.216717987001175
P4,Horizontal,Rear,2.800413322998793
P4,Horizontal,Rear,0.1833699959970545
P4,Horizontal,Rear,0.0833446720025676
P4,Horizontal,Rear,0.066673544999503
P4,Horizontal,Rear,0.0666940429982787
P10,Vertical,Right,0.0667305509996367
P10,Vertical,Left,0.372635702999105
P10,Vertical,Left,0.1501758109989168
P10,Horizontal,Front,0.1002061409999441
P10,Horizontal,Front,0.4913646259992674
P10,Horizontal,Front,0.1668814460008434
P10,Horizontal,Front,0.2347264260006341
P10,Horizontal,Front,0.0333807750012056
P10,Horizontal,Front,0.1681942280010844
P10,Horizontal,Rear,0.727673250999942
P10,Horizontal,Rear,0.0334681949989317
P10,Horizontal,Rear,0.1854411360000085
P10,Horizontal,Rear,0.0667387979992781
P10,Horizontal,Rear,0.2555972209993342
P10,Horizontal,Rear,1.5008697100001882
P10,Horizontal,Rear,0.0166724000009708
P10,Horizontal,Rear,0.1356244089984102
P10,Horizontal,Rear,0.6392833399986557
P10,Horizontal,Rear,0.0669523209999169
P10,Horizontal,Rear,0.0502033859993389
P10,Horizontal,Rear,0.0333913399990706
P10,Horizontal,Center,0.2899792339994747
P10,Horizontal,Center,0.4867059799998969
P10,Horizontal,Center,0.0333419069993397
P10,Horizontal,Center,0.0167037159990286
P10,Joystick,Center,0.2019351159997313
P10,Joystick,Center,0.5048261500014632
P10,Joystick,Center,0.1224509389994636
P10,Joystick,Center,0.0334077010011242
P10,Joystick,Center,0.2010762270001578
P10,Joystick,Center,0.1501992499997868
P10,Joystick,Center,0.0850275620014144
P10,Joystick,Center,0.2513004930005991
P10,Joystick,Center,0.3024823169998853
P10,Joystick,Center,0.0501674999995884
P10,Joystick,Center,0.1501344290009001
P10,Joystick,Center,0.3015332320010202
P10,Joystick,Center,0.0500271700002485
P10,Joystick,Center,0.0500722970009519
P10,Joystick,Center,0.0868446570002561
P10,Joystick,Center,0.6764240760003304
P10,Joystick,Center,0.4578082070001983
P10,Joystick,Center,0.2351234660000045
P10,Joystick,Center,0.891053657998782
P10,Joystick,Center,0.1169560319995071
P10,Joystick,Center,0.17046744199979
P10,Joystick,Center,0.136584337999011
P10,Joystick,Center,0.1701796720008133
P10,Joystick,Rear,0.4408605040007387
P10,Joystick,Rear,0.0166902150012902
P10,Joystick,Rear,0.0166763710003579
P10,Joystick,Rear,0.1750786990014603
P10,Joystick,Rear,0.4186196859991469
P10,Joystick,Rear,0.0333667590020922
P10,Joystick,Rear,0.2001474650023738
P10,Joystick,Rear,0.0833896529984485
P10,Joystick,Rear,0.1368851610022829
P10,Joystick,Rear,0.0167001059999165
P10,Joystick,Rear,0.7541673060004541
P10,Joystick,Rear,0.1210348970016639
P10,Joystick,Rear,0.22233568899901
P10,Joystick,Rear,0.1334884550014976
P10,Joystick,Rear,0.1334563220007112
P10,Joystick,Rear,0.2276069889994687
P10,Joystick,Rear,0.2001699270003882
P10,Joystick,Rear,0.2380006999992474
P10,Joystick,Rear,0.2423639400003594
P10,Joystick,Rear,0.1508132380004099
P10,Joystick,Rear,0.1167666180008382
P10,Joystick,Front,0.2341978990007192
P10,Joystick,Front,0.1179921969996939
P10,Joystick,Front,0.0166694950003147
P10,Joystick,Front,0.0562256539997179
P10,Joystick,Front,0.1668307779982569
P10,Joystick,Front,0.8032349709992559
P10,Joystick,Front,0.0334066559989878
P10,Joystick,Front,0.0191951919987332
P10,Joystick,Front,0.0334016559991141
P10,Joystick,Front,0.1531184420000499
P10,Joystick,Front,0.0530444290016021
P3,Vertical,Center,0.2834400130004724
P3,Vertical,Center,0.4334019209991311
P3,Vertical,Center,0.1000150280005982
P3,Vertical,Center,0.1666989420000391
P3,Vertical,Center,0.2500251800001933
P3,Vertical,Center,1.2504609050001818
P3,Vertical,Center,0.5000911170000109
P3,Vertical,Center,0.1166887480003424
P3,Vertical,Center,0.3167192260007141
P3,Vertical,Center,0.5001125469998442
P3,Vertical,Center,0.5334942670006058
P3,Vertical,Center,0.1166802910001933
P3,Horizontal,Rear,0.1000065620000896
P3,Horizontal,Rear,0.166689557000609
P3,Horizontal,Rear,0.0500381009996999
P3,Horizontal,Rear,0.1833645099995919
P3,Horizontal,Rear,0.2834058980006375
P3,Horizontal,Rear,0.0166707009993842
P3,Horizontal,Rear,0.0333385750000161
P3,Horizontal,Rear,0.5921876480006176
P3,Horizontal,Rear,0.2333708220003245
P3,Horizontal,Rear,0.2167287130005206
P3,Horizontal,Rear,0.0666780619994824
P3,Horizontal,Rear,0.0333455429999958
P3,Horizontal,Rear,0.2167035980000946
P3,Horizontal,Rear,0.4000845059999847
P3,Horizontal,Rear,0.5667600169999787
P3,Horizontal,Rear,0.5167784170007508
P3,Horizontal,Rear,0.5502029130002484
P3,Horizontal,Rear,0.8334440219996395
P3,Horizontal,Rear,0.5837201869999262
P3,Horizontal,Rear,0.2667173509998974
P3,Vertical,Right,0.1833779560001858
P3,Vertical,Right,0.6001073520001228
P3,Vertical,Right,0.4168669199998476
P3,Vertical,Right,0.2167035590000523
P3,Vertical,Right,0.0833532189999459
P3,Vertical,Right,0.3333816479998859
P3,Vertical,Right,0.0833485279999877
P3,Vertical,Right,0.0166696959995533
P3,Vertical,Right,0.0666799000000537
P3,Vertical,Right,0.4500612710007772
P3,Joystick,Center,0.2333924769991426
P3,Joystick,Center,0.0333351850003964
P3,Joystick,Center,0.1333640259999811
P3,Joystick,Center,0.1666928020003979
P3,Joystick,Center,0.0166715470004419
P3,Joystick,Center,0.0501249799999641
P3,Joystick,Center,0.7168591209992883
P3,Joystick,Center,0.0500091920002887
P3,Joystick,Center,0.0833502499990572
P3,Joystick,Center,0.150022092000654
P3,Joystick,Center,0.4500657680000586
P3,Joystick,Center,0.0166670710004837
P3,Joystick,Center,0.2834008879999601
P3,Joystick,Center,0.3167381530001876
P3,Joystick,Center,1.0339527899996028
P3,Joystick,Rear,0.0500137260005431
P3,Joystick,Rear,0.2000321610012179
P3,Joystick,Rear,0.0333359289998043
P3,Joystick,Rear,0.2167113480008993
P3,Joystick,Rear,0.5334392490003665
P3,Joystick,Rear,0.1666978810008004
P3,Joystick,Rear,0.6501167739988887
P3,Joystick,Rear,0.0833529660012573
P3,Joystick,Rear,0.1500183749994903
P3,Joystick,Rear,0.0333379610001429
P3,Joystick,Rear,0.6167866300002061
P3,Joystick,Rear,0.033340556999974
P3,Joystick,Rear,0.2167014029982965
P3,Joystick,Rear,0.0833685190009418
P3,Joystick,Rear,0.0666794500011747
P3,Joystick,Rear,0.11667906600087
P3,Joystick,Rear,0.0666804369993769
P3,Joystick,Rear,0.1502519859986932
P3,Joystick,Rear,0.3668003330003557
P3,Horizontal,Center,0.0166726229999767
P3,Horizontal,Center,0.0333376879998468
P3,Horizontal,Center,0.4835358979999
P3,Horizontal,Center,0.0333390830001008
P3,Horizontal,Center,0.1833601970001837
P3,Horizontal,Center,0.2667150529996434
P3,Horizontal,Center,0.1333534530003817
P3,Horizontal,Center,0.2000277500001175
P3,Horizontal,Center,0.2333820370004105
P3,Horizontal,Center,0.383719702000235
P3,Horizontal,Center,0.4167732670002806
P3,Horizontal,Center,0.1833589219995701
P3,Horizontal,Center,0.266701099999409
P3,Horizontal,Center,0.1167879169997831
P3,Horizontal,Center,0.1167408779992911
P3,Horizontal,Center,0.1833642019992112
P3,Horizontal,Center,0.4167320960004872
P3,Horizontal,Center,0.2500320250001095
P3,Horizontal,Center,1.567491565999262
P3,Horizontal,Center,0.1833634799995707
P3,Horizontal,Center,0.0833423280000715
P3,Horizontal,Center,0.1333523499997682
P3,Horizontal,Center,0.2000711649998265
P3,Horizontal,Center,0.0500058859997807
P3,Horizontal,Center,0.3834199630000512
P3,Horizontal,Center,0.1167069380007888
P3,Horizontal,Center,0.7834890020003513
P3,Horizontal,Center,0.4834087560002444
P3,Horizontal,Center,0.0833460320000085
P3,Horizontal,Center,0.5168874010005311
P3,Horizontal,Center,0.150360176000504
P3,Horizontal,Center,0.0833586209992063
P3,Horizontal,Center,0.7169976169998336
P3,Horizontal,Center,0.216706905999672
P3,Horizontal,Center,0.5004700090003098
P3,Horizontal,Center,0.4500851800003147
P3,Horizontal,Front,0.1000123349995192
P3,Horizontal,Front,0.1833538929995484
P3,Horizontal,Front,0.1833626019997609
P3,Horizontal,Front,0.0500057490007748
P3,Vertical,Left,0.5172507790002783
P3,Vertical,Left,0.400079595000534
P3,Vertical,Left,0.0166693250002936
P3,Vertical,Left,0.2167172029994617
P3,Vertical,Left,0.1833481600006052
P3,Vertical,Left,0.5337142700000186
P3,Vertical,Left,0.6501658039996983
P3,Vertical,Left,0.0833937420002257
P3,Vertical,Left,0.2001257100000657
P3,Vertical,Left,0.0166667060002509
P3,Vertical,Left,0.3667328069996074
P3,Vertical,Left,0.233494115999747
P3,Joystick,Front,0.1000206439994144
P3,Joystick,Front,0.1667126560005272
P3,Joystick,Front,0.166995909000434
P3,Joystick,Front,0.2667043510000439
P7,Joystick,Center,0.5359275660011917
P7,Joystick,Center,0.166765170999497
P7,Joystick,Center,0.1870236400009162
P7,Joystick,Center,0.1842888480005058
P7,Joystick,Center,0.2554126510003698
P7,Joystick,Center,0.0166668290003144
P7,Joystick,Center,0.0166688809986226
P7,Joystick,Center,0.0333862380011851
P7,Joystick,Center,0.2690016320011636
P7,Joystick,Center,0.4911576049998984
P7,Horizontal,Front,0.5397979999997915
P7,Horizontal,Front,0.4360459330000594
P7,Horizontal,Front,0.4722708730005251
P7,Horizontal,Center,0.1000424639996708
P7,Horizontal,Center,0.1668581799995081
P7,Horizontal,Center,0.067837872000382
P7,Horizontal,Center,0.0835239409998394
P7,Horizontal,Center,0.3688287150007454
P7,Horizontal,Center,0.0846951319999789
P7,Horizontal,Center,0.0333749519995763
P7,Horizontal,Center,0.0667290830006095
P7,Horizontal,Center,0.08347491800032
P7,Horizontal,Center,0.1181264950000695
P7,Horizontal,Center,0.0834755839996432
P7,Horizontal,Center,0.1172373939998578
P7,Horizontal,Center,0.2684176149996347
P7,Horizontal,Center,0.1501012239996271
P7,Horizontal,Center,0.2339508559998648
P7,Horizontal,Center,0.0169077939999624
P7,Horizontal,Center,0.183551006000016
P7,Horizontal,Center,0.6689489239997783
P7,Horizontal,Center,0.1501542539999718
P7,Horizontal,Center,0.016824465999889
P7,Horizontal,Center,0.0576998839997031
P7,Vertical,Right,0.6675743830001011
P7,Vertical,Right,0.4848797670001659
P7,Vertical,Right,0.7035013260001506
P7,Vertical,Right,0.0167007340005511
P7,Vertical,Right,0.0500187500001629
P7,Vertical,Right,0.0166714520000823
P7,Vertical,Right,0.0167078180002135
P7,Vertical,Right,0.0333545819994469
P7,Vertical,Right,0.5007662429998163
P7,Vertical,Right,1.0515929759985738
P7,Vertical,Right,0.1001315999983489
P7,Vertical,Right,0.3052196400003595
P7,Vertical,Right,0.2335052319995156
P7,Vertical,Right,0.0166798529990046
P7,Vertical,Right,0.2189703450003435
P7,Vertical,Right,0.0166819940004643
P7,Vertical,Right,0.3648981709993677
P7,Vertical,Right,0.0552563639994332
P7,Vertical,Center,0.2690262790001725
P7,Vertical,Center,0.0166808170006333
P7,Vertical,Center,0.1017525449997265
P7,Vertical,Center,0.6033102519995737
P7,Vertical,Center,0.2344618229999469
P7,Vertical,Center,0.0167034910000438
P7,Vertical,Center,0.2513193600007071
P7,Vertical,Center,1.203376228999332
P7,Vertical,Center,0.0514248890003727
P7,Vertical,Center,0.2511321940000925
P7,Vertical,Center,0.0834382060002099
P7,Vertical,Center,0.1167284960001779
P7,Vertical,Center,0.1835571519995937
P7,Vertical,Center,0.1835466920001636
P7,Vertical,Center,0.0167052690003401
P7,Vertical,Center,0.0833708159998423
P7,Vertical,Center,0.0667148270003963
P7,Vertical,Center,0.1172485809993304
P7,Joystick,Front,0.2340197440007614
P7,Joystick,Front,0.0833822350014088
P7,Joystick,Front,0.0833784010010276
P7,Horizontal,Rear,0.3008750050003073
P7,Horizontal,Rear,0.0500791109998317
P7,Horizontal,Rear,0.0848115260005215
P7,Horizontal,Rear,0.6036202200002663
P7,Horizontal,Rear,0.4387364220001473
P7,Horizontal,Rear,0.4572010459996818
P7,Horizontal,Rear,0.1167764519996126
P7,Horizontal,Rear,0.9216534899996986
P7,Horizontal,Rear,0.3689214590003757
P7,Horizontal,Rear,0.3725129770000421
P7,Horizontal,Rear,0.1504336940006396
P7,Horizontal,Rear,0.033361302999765
P7,Horizontal,Rear,0.4707491029994344
P7,Horizontal,Rear,0.2336888270001509
P7,Horizontal,Rear,0.3071313190002911
P7,Horizontal,Rear,0.1668783190007161
P7,Horizontal,Rear,0.0850657049995788
P7,Horizontal,Rear,0.083661368000321
P7,Horizontal,Rear,0.1836872789999688
P7,Horizontal,Rear,0.1711218090003967
P7,Horizontal,Rear,0.0834501509998517
P7,Horizontal,Rear,0.5537137230003282
P7,Horizontal,Rear,0.0166709559998707
P7,Horizontal,Rear,0.0667787579996002
P7,Horizontal,Rear,0.0333733339994068
P7,Horizontal,Rear,0.0885727779996159
P7,Horizontal,Rear,0.0500338829997417
P7,Horizontal,Rear,0.4361725570006456
P7,Horizontal,Rear,0.1347050610002043
P7,Horizontal,Rear,0.1671464589999232
P7,Vertical,Left,0.0333680189996812
P7,Vertical,Left,0.2502658670000528
P7,Vertical,Left,0.1171859579999363
P7,Vertical,Left,0.0836915200006842
P7,Vertical,Left,0.7199318929997389
P7,Vertical,Left,0.3893549559998064
P7,Vertical,Left,0.2181468799999493
P7,Vertical,Left,0.1691637250005442
P7,Vertical,Left,0.1886858119996759
P7,Vertical,Left,0.0166799680000622
P7,Vertical,Left,0.2180121379997217
P7,Vertical,Left,0.0667065890002049
P7,Vertical,Left,0.2002662099994268
P7,Vertical,Left,0.0834087439998256
P7,Vertical,Left,0.2534519470000305
P7,Vertical,Left,1.7089778389999992
P7,Joystick,Rear,0.0680607619997317
P7,Joystick,Rear,0.0527341559991327
P7,Joystick,Rear,0.3360796369997842
P7,Joystick,Rear,0.083405125000354
P7,Joystick,Rear,0.1027863889994478
P7,Joystick,Rear,0.200200577999567
P7,Joystick,Rear,0.1846128369998041
P7,Joystick,Rear,0.0333474399994884
P7,Joystick,Rear,0.0166885290000209
P7,Joystick,Rear,0.2344674079995456
P7,Joystick,Rear,0.3026802389995282
P7,Joystick,Rear,0.3006430289988202
P7,Joystick,Rear,0.0667428179986018
P7,Joystick,Rear,0.2186972019990207
P7,Joystick,Rear,0.3517047340010322
P7,Joystick,Rear,0.1019300410007417
P7,Joystick,Rear,0.2036461839998082
P7,Joystick,Rear,0.3358153789995413
P7,Joystick,Rear,0.5421941800013883
P1,Horizontal,Rear,0.3400271350001276
P1,Horizontal,Rear,0.3038508400002229
P1,Horizontal,Rear,0.4073156940000899
P1,Horizontal,Rear,0.0669842890001746
P1,Horizontal,Rear,0.1505854439999439
P1,Horizontal,Rear,0.1835215060000337
P1,Horizontal,Front,0.3680022680000547
P1,Horizontal,Front,0.371245288999944
P1,Horizontal,Front,0.0669659409995802
P1,Horizontal,Front,0.6419549440001902
P1,Horizontal,Front,0.4013765579998107
P1,Vertical,Center,0.0166917920000742
P1,Vertical,Center,0.1000929000001633
P1,Vertical,Center,0.0522770949996811
P1,Vertical,Center,0.0166756789999453
P1,Vertical,Center,0.3357028539999191
P1,Vertical,Center,0.0500242819998675
P1,Vertical,Center,0.0834032359998673
P1,Vertical,Right,0.0833612520000315
P1,Vertical,Right,0.1015033710000352
P1,Vertical,Right,0.2019660299997667
P1,Vertical,Right,0.2842920790003518
P1,Vertical,Right,0.5549361329999556
P1,Vertical,Right,0.1001883170001747
P1,Vertical,Right,0.2011095510001723
P1,Vertical,Right,0.0506983000000218
P1,Vertical,Right,0.0166911290002644
P1,Vertical,Right,0.1000370550000298
P1,Joystick,Center,0.068433473999903
P1,Joystick,Center,0.3005673580000803
P1,Joystick,Center,0.1668057060005594
P1,Joystick,Center,0.2059552600003371
P1,Horizontal,Center,1.1517456250001032
P1,Horizontal,Center,0.5699301960000867
P1,Horizontal,Center,0.6170879689998401
P1,Horizontal,Center,1.0567219619999833
P1,Horizontal,Center,0.1338089349999336
P1,Horizontal,Center,1.0706215919999522
P1,Horizontal,Center,1.3142308619999312
P1,Horizontal,Center,0.3020571029999246
P1,Horizontal,Center,1.623169708999967
P1,Horizontal,Center,0.2232583929999236
P1,Horizontal,Center,0.2914978879998671
P1,Horizontal,Center,0.1748167430000649
P1,Horizontal,Center,0.9977374779998628
P1,Horizontal,Center,0.2834704689998943
P1,Horizontal,Center,0.8991438349999044
P1,Horizontal,Center,0.567541651999818
P1,Horizontal,Center,0.3869869589998416
P1,Horizontal,Center,0.1339566909998666
P1,Horizontal,Center,0.7724696330001279
P1,Horizontal,Center,0.8863866300000609
P1,Horizontal,Center,0.0333504840000387
P1,Horizontal,Center,0.6742349759999797
P1,Horizontal,Center,0.3676531999999497
P1,Horizontal,Center,0.2523923090000153
P1,Vertical,Left,0.174316127000111
P1,Vertical,Left,0.0166786529998717
P1,Joystick,Front,0.4174368889998732
P1,Joystick,Front,0.0667931999996653
P1,Joystick,Front,0.3526041280001664
P1,Joystick,Front,0.0333628440002939
